,train,val,test
0,train,val,test
1,1000,1000,1000
2,0,0,0
3,0.46163757425260493,0.451885310290652,0.503968253968254
4,1,1,1
5,0.5638612950699043,0.5943130630630631,0.49733009708737863
6,90,90,90
7,0,0,0
8,0.5450845886833148,0.5591123330714847,0.4978174603174603
9,1,1,1
10,0.5466085632612478,0.6036036036036035,0.5043689320388349
