,train,val,test
0,train,val,test
1,1000,1000,1000
2,0.43428637077051646,0.5365461847389559,0.3767605633802817
3,0.554935206631794,0.4519230769230769,0.6200607902735562
4,90,90,90
5,0.42662689158394224,0.56285140562249,0.3963223787167449
6,0.547618944997493,0.4750986193293885,0.6165870603560574
