,train,val,test
0,train,val,test
1,1000,1000,1000
2,0.6521735256582415,0.522887323943662,0.6677140612725845
