,train,val,test
0,train,val,test
1,1000,1000,1000
2,0.5859531296795448,0.6021126760563381,0.5168231611893584
