,train,val,test
0,train,val,test
1,1000,1000,1000
2,0.6465459043699785,0.6626080125687352,0.6857988165680473
