,train,val,test
0,train,val,test
1,1000,1000,1000
2,0.6524895382395383,0.6039447731755424,0.5583826429980276
