,train,val,test
0,train,val,test
1,1000,1000,1000
2,0.6129316500806863,0.6822485207100591,0.6239669421487604
