,train,val,test
0,train,val,test
1,1000,1000,1000
2,0.5549872534872535,0.5130522088353413,0.5306566455696202
