,train,val,test
0,train,val,test
1,1000,1000,1000
2,0.5965394853593612,0.6528876582278481,0.6527614571092832
