,train,val,test
0,train,val,test
1,1000,1000,1000
2,0.6217043774031352,0.6811424100156495,0.6301424050632911
